name	value
A	-0.1914506597992949
B	0.05927993788460987
C	-0.18737419641881728
D	-0.2259876953300235
E	-0.2259876953300235
F	-0.18737419641881728